id,category,uniquename,title,status,link,price,preordered_price,average_rating,num_rating,owner_name,sold_num,bookmark_count,meta_description,cover_image,incubate_time,publish_time,video_length
689c48d9f3d463d52be20d61,programming,bruceee1,AI 時代的前端升級術｜前 TikTok 面試官親授面試必考題,PUBLISHED,https://hahow.in/courses/689c48d9f3d463d52be20d61,3990,3990,0.0,0,布魯斯前端,57,57,前 TikTok 前端面試官親授，不只帶你掌握前端面試的必考題目，也能提升你工作上解決問題的能力，告別無腦靠 AI 複製貼上程式碼，打造真正不可取代的實力，晉升資深前端工程師！,https://images.hahow.in/images/68ebd7bd4c883d6d77984938,,2025-10-16T04:00:15.085Z,55556.0
647564105efe49d5295d33ad,programming,chatgpt-learning,新手入門：ChatGPT 創作及 Midjourney 圖文應用,PUBLISHED,https://hahow.in/courses/647564105efe49d5295d33ad,1388,999,4.74,31,臺灣行銷研究,671,1442,本課程將帶領您深入瞭解 ChatGPT 的運作模式，教您如何利用其強大的自學能力，精準地找到您產品的目標客群。不僅如此，我們還會透過實用的範例，教您如何使用 ChatGPT 快速生成一篇高品質、高吸引力的行銷文章，讓您不用花費大量時間和精力去撰寫。最後，我們更會結合最新的 AI 製圖軟體 Midjourney，讓您輕鬆擺脫圖片創作的煩惱，快速製作出高質感的行銷圖！,https://images.hahow.in/images/64c1eebfd859d040f877b0e5,2023-08-10T04:00:18.596Z,2023-11-08T04:00:06.651Z,12606.0
637acd63cbb75e6f9ee702c4,programming,csf-web-crawler2,Python 爬蟲進階特訓 - 非結構化資料抓取應用,PUBLISHED,https://hahow.in/courses/637acd63cbb75e6f9ee702c4,2490,1680,5.0,9,電腦技能基金會,299,635,這門課是延續「Python 入門特訓 - 基礎實作到證照攻略」、與「Python 爬蟲入門特訓 ─ 資料抓取與處理應用」而來，目的是對於學習 Python 程式有興趣的人，能有連貫的學習與應用。學習完本課程，幾乎要抓取全世界九成以上的網站都不是問題了。,https://images.hahow.in/images/639054094f022260d11f7808,2022-12-14T04:00:31.787Z,2023-03-14T03:59:54.914Z,23690.0
60792ff52a7cba4f4538d96a,programming,jimmysoftwarecourse,踏出程式新手村！掌握敏捷式軟體開發流程,PUBLISHED,https://hahow.in/courses/60792ff52a7cba4f4538d96a,1990,1590,5.0,11,李書宇,323,621,這堂課的目標就是要帶著有程式基礎的同學了解軟體開發的流程，將自己的思維從單純的「寫程式」進階到「軟體開發」。,https://images.hahow.in/images/6108d32239b6650007730c45,2021-08-05T04:00:20.490Z,2021-11-03T04:11:05.952Z,26325.0
63b55067cfec05798c990185,programming,leetcodeking,超圖解資料結構演算法：Leetcode 實戰基礎,PUBLISHED,https://hahow.in/courses/63b55067cfec05798c990185,2450,1750,4.85,27,Chris ,379,547,"這堂課將用最好懂的圖解方式，帶領大家建構扎實的資料結構與演算法基礎，且透過 Leetcode 題目練習所學演算法，強化自身解題能力！
",https://images.hahow.in/images/64673580bd560335d6e08f94,2023-07-11T04:00:07.969Z,2023-10-06T05:11:29.710Z,23731.0
63579713d7381175901d712b,programming,pypybear,跟著 PyPy 熊學 Python - 輕鬆入門篇,PUBLISHED,https://hahow.in/courses/63579713d7381175901d712b,999,499,5.0,18,plusForm,228,471,PyPy 熊，只聽得懂 Python，用 Python 能夠讓他跟電腦一樣完成許多工作。這是個適合所有年齡層的程式語言入門課，帶你透過簡單例子輕鬆學 Python，開啟與 PyPy 熊溝通的第一步吧！,https://images.hahow.in/images/638dca7228bd7fe8980265c2,2022-12-06T04:00:17.138Z,2023-01-05T04:05:21.041Z,4782.0
667242066282be4de9eabf8f,programming,portfolio,資料分析的七個練習專案：累積個人作品集,PUBLISHED,https://hahow.in/courses/667242066282be4de9eabf8f,4980,3980,5.0,12,郭耀仁,384,617,想順利獲得初級資料分析師的工作，作品集是不可或缺的成功要素，跟著我實作七個練習專案，進而發想專屬於你、能在面試侃侃而談的作品集！,https://images.hahow.in/images/66ea4e258554b24852def7fe,2024-09-26T04:00:08.645Z,2024-12-25T03:59:44.612Z,52419.0
5f3b50f812ec0316b8acb938,programming,ryangame,Unity 從零開始新手入門：2D 橫向捲軸遊戲,PUBLISHED,https://hahow.in/courses/5f3b50f812ec0316b8acb938,799,499,4.78,23,阿煙,1089,1424,"▶ 從零開始製作一款可以玩的遊戲。
▶【沒有程式基礎】、【沒有繪圖知識和工具】、【沒有遊戲設計相關經驗】都可以通過這門課程學到這三方的基礎知識。",https://images.hahow.in/images/5f60e05d05793467a9f67861,2020-11-04T04:00:20.287Z,2021-02-02T04:00:39.381Z,6953.0
5af1c528b44939001e4637b6,programming,frogy-unity-2d,玩轉 Unity! 零基礎打造自己的 2D 遊戲！,PUBLISHED,https://hahow.in/courses/5af1c528b44939001e4637b6,2000,1499,5.0,40,葷叫授,621,1516,Unity 2D 遊戲製作教學，學習遊戲開發所需的軟體技能。從 Unity 入門到遊戲開發的架構設計，掌握 C# 腳本撰寫知識，學習用 Unity 打造自己專屬的 2D 遊戲。,https://images.hahow.in/images/5b8fe80ade22ba001ee81b4b,2018-09-05T04:03:48.057Z,2018-12-04T04:01:35.192Z,37484.0
5fc43b260ff4edcc3e00055c,programming,dbabootcamp,DBA 訓練營 -  SQL Server 資料庫管理入門,PUBLISHED,https://hahow.in/courses/5fc43b260ff4edcc3e00055c,2600,1680,4.95,56,Jason,686,918,這門課程是針對計畫想要求職 DBA（資料庫管理師）的同學，帶你認識 SSMS 整合式環境並以 SQL Server 為主軸，升級資料庫管理、認識 Windows Server 與 Azure 雲端的專業技能以及 SSMS。提供面試求職的經驗與訣竅，幫助你達成目標。,https://images.hahow.in/images/6049ce8efae922821eea5174,2021-03-24T04:00:20.691Z,2021-06-22T04:00:53.726Z,26663.0
5f4c4a642836612efc89423c,programming,csf-data-analysis-ai,Python 資料分析：AI 機器學習入門到應用,PUBLISHED,https://hahow.in/courses/5f4c4a642836612efc89423c,2180,980,4.44,36,電腦技能基金會,1039,1921,"本課程是以財團法人中華民國電腦技能基金會（CSF）的「TQC+ 人工智慧-機器學習 認證」為範疇，技能規範及試題命製，符合教育部課綱之規劃，共分為三大類別，循序漸進，由淺入深建立學員運 用機器學習解決問題的基本概念。
學習機器學習，可以讓您初窺現代人工智慧技術由資料中學習建立模型，進行分類、預測以解決問題，逐步邁向人工智慧實用學習技術，提高洞察力、反應力。",https://images.hahow.in/images/5f8d584e11eb8d43e01ce3e1,2020-10-29T03:58:38.023Z,2021-01-27T04:00:56.953Z,54156.0
5e4612145b02f600245ab028,programming,csf-ai2-l1,手機 App 開發入門：App Inventor 2 實作,PUBLISHED,https://hahow.in/courses/5e4612145b02f600245ab028,1600,800,5.0,15,電腦技能基金會,328,846,"數位風潮席捲全球，包含程式設計、科技創客、平台應用等前瞻性的趨勢開始興起，激發出當前最熱門的運算思維與程式設計學習的熱潮。程式設計不再是工程師專利，蘋果執行長庫克 (Tim Cook) 曾說過，學習程式語言將比第二外語更加重要，因為透過學習寫程式，能夠掌握未來世界的溝通語言，提升創造力與未來的軟實力。
「App Inventor 程式設計」是一個能在網頁上開發的行動裝置程式環境，拋棄複雜的程式碼而使用積木式的堆疊法來完成 App 程式的撰寫，經由學習寫程式訓練邏輯概念，簡單易學，初學者也能迅速上手。",https://images.hahow.in/images/5e9522181f8d03e03f214fd2,2020-04-21T04:00:20.512Z,2020-07-20T04:00:29.946Z,49689.0
5de7148a46da740021ec240a,programming,think-with-ux,產品分析入門：UX 設計師的思考術,PUBLISHED,https://hahow.in/courses/5de7148a46da740021ec240a,2450,1650,4.66,47,Soking,1380,2667,UX 設計思考課程，由資深 UX 設計師教你用產品分析情境練習 UX 方法。透過課程你將學會如何分析商業端與用戶端的需求，並學會在進行資訊架構與產品設計前，需要了解的產品分析知識。,https://images.hahow.in/images/5e394504833af10023b3a015,2020-02-12T04:00:20.282Z,2020-05-12T04:01:16.352Z,6878.0
627e5a1b9841c80007c409ca,programming,rfiftyplus,R 語言的 50+ 練習：統計分析的前哨站,PUBLISHED,https://hahow.in/courses/627e5a1b9841c80007c409ca,4980,2086,5.0,20,郭耀仁,400,591,R 語言不僅擅長處理數據、挖掘洞見，更是修習統計、計量經濟與商業分析等學科時值得信賴的神兵利器，跟著我完成 50+ 練習把它學起來！,https://images.hahow.in/images/630df165620da100065756e8,2022-09-01T04:00:21.206Z,2022-11-30T04:00:41.605Z,79890.0
5c7a37be4bcf1c0021375ded,programming,berkeley,不可錯過的時代趨勢：從自學區塊鏈到專家！,PUBLISHED,https://hahow.in/courses/5c7a37be4bcf1c0021375ded,2200,1800,4.85,163,胡耀傑 Jeff X 李婷婷 Tina,1988,1680,區塊鏈課程，提供自學區塊鏈的完整心法。學習加密貨幣、智能合約、開發框架等專有名詞，掌握區塊鏈的分析與應用，透過實作掌握比特幣、以太幣等區塊鏈核心技術，適合想轉職或想學習區塊鏈架構的你。,https://images.hahow.in/images/5cbe8defd1800400200528e6,2019-04-30T04:00:22.522Z,2019-07-29T04:03:13.211Z,27812.0
61152dc3ef211d00067ff487,programming,x38517489-3,Google Apps Script 入門 - GAS 跨平台生活應用,PUBLISHED,https://hahow.in/courses/61152dc3ef211d00067ff487,2690,1590,5.0,9,SAM-LIN,302,483,"■【課程的核心重點只有一個】:了解如何用 Google apps script 跟自己擅長的軟體或裝置做溝通。(課程會使用到的是 GAS 、Line、EXCEL、試算表、網頁、MIT APP、免費伺服器)
■【課程簡短描述】:這堂課程並不會用到太難的程式，前面第一跟二章節會將重點放在基本的Google apps script 使用以及與試算表的互動，其中包含數組的使用，到了第三章開始逐漸進入課程核心，也就是 GAS 跟外部溝通互動，此章節會帶大家了解 GAS 是如何與外部做溝通，以及將各個簡短互動的範例放在此章節，進入到了第四章跟第五章，我們會開始嘗試做個範例，分別是會員資料庫的架構與地權券商的查找，這些範例一個是可以套用到自己身上，一個則是可以拿來直接使用，也可以加以更改這些檔案後再使用。",https://images.hahow.in/images/61835b7a55935700077d4024,2021-11-10T04:00:12.348Z,2022-02-08T03:59:12.195Z,33156.0
64d4acbf018e4b0acfaac3a3,programming,springsecurity,資安一把罩！Spring Security 零基礎入門,PUBLISHED,https://hahow.in/courses/64d4acbf018e4b0acfaac3a3,3600,2500,5.0,29,古君葳,899,737,"你是否想學習 Spring Security，卻不知道從何入門？這門課會透過 3 個階段的內容 + 3 個完整的實
戰演練，結合理論和實踐並行的教學方式，一步步的幫助你建立 Spring Security 的實作能力！",https://images.hahow.in/images/64da548575b3c2fe7d653a7d,2023-09-05T04:00:19.353Z,2023-12-04T04:54:38.490Z,95166.0
5dbe90cfa4b1c600214d0ab5,programming,react-native-handson,跨平台 APP - React Native 快速學習攻略,PUBLISHED,https://hahow.in/courses/5dbe90cfa4b1c600214d0ab5,2500,1790,4.97,39,Avon,728,1129,React Native 入門實作課程，從零開始帶你快速上手 React Native 程式語言。課程將使用 Expo CLI 的方式教你建立專案，手把手搭配實作專案，讓你上完課擁有跨平台開發 App 應用程式的基礎能力。,https://images.hahow.in/images/5e0315f83645c50022d436da,2019-12-24T04:00:20.550Z,2020-03-23T04:00:10.084Z,26149.0
579dc01ed0c303070041c13c,programming,ios-developer-101,iOS 入門 － 從介面設計到開發,PUBLISHED,https://hahow.in/courses/579dc01ed0c303070041c13c,1600,990,4.5,18,高玉璁 Samuel,743,1569,iOS App 介面開發課程，教你從零開始製作 iOS 的 App。課程將介紹 iOS App 開發的基本流程與規劃，教你使用 Sketch 進行 GUI 介面設計，並講解如何使用 Xcode 搭配 Swift 設計你專屬的 iOS App 介面。,https://images.hahow.in/images/57a3720dd0c303070041df2b,2016-08-24T03:59:55.000Z,2016-11-22T02:26:26.934Z,47560.0
5d4550d73714d90022ded25d,programming,kevin-lu-cplusplus,開啟程式設計之門 - C++ 核心課程,PUBLISHED,https://hahow.in/courses/5d4550d73714d90022ded25d,1490,790,4.91,106,Kevin,1640,1842,C++ 程式設計課程，以系統性的方式帶你理解 C++ 的觀念與實務應用。課堂將教你程式設計的方法，並且帶你以物件導向的概念設計員工銷貨、管理等實務應用系統，讓 C++ 成為你踏入程式設計領域的入門語言。,https://images.hahow.in/images/67a0be3e6ff92ec4c84a5b30,2019-08-06T04:00:20.427Z,2019-11-04T04:06:50.741Z,32594.0
641cf9c2b6cc5d4ffe397513,programming,uipathrayrpa,玩轉 RPA：使用 UiPath 打造專屬小助理,PUBLISHED,https://hahow.in/courses/641cf9c2b6cc5d4ffe397513,3500,3280,4.67,3,RAY RPA,97,210,"RPA 的全名是 Robotic Process Automation，中文常稱為「虛擬流程機器人」或「機器人流程自動化」，RPA 機器人可以做到模擬我們操作電腦的動作，只要是平時工作主要透過電腦來完成且工作流程有一定的規則，都能使用 RPA 來自動化以提高工作完成的效率。

這門課程的目標是讓學生學習如何使用 UiPath Studio 進行開發，課程內容將包括 RPA 概念介紹、UiPath Studio 的基本操作、流程設計、調整和部署等，讓學生透過實際練習，學習如何開發自己的小工具，並能夠將學到的技能應用到實際工作中，讓 UiPath 機器人成為大家的小幫手。",https://images.hahow.in/images/6479757650ac16648e1ead96,2024-04-17T04:00:08.818Z,2024-07-09T04:02:07.393Z,19729.0
582548cf5910c807008267b4,programming,nodejs-lession,Node.js 網站開發 with React.js,PUBLISHED,https://hahow.in/courses/582548cf5910c807008267b4,1980,1680,3.14,21,yicheng,322,585,Node.js 網站開發課程，學習 Node.js 核心概念，掌握檔案＆資料庫操作、Server side render 等概念，接著帶你認識 React.js、Redux 框架使用，作為前端的 framework，帶你做出簡易的論壇網站。,https://images.hahow.in/images/60260ef14bc76c59744ac1eb,2016-12-27T04:00:03.844Z,2017-02-24T11:19:08.663Z,21482.0
5b0c13932ea496001e2387b9,programming,ranalytics,R語言和商業分析-洞悉商業世界中的資料科學,PUBLISHED,https://hahow.in/courses/5b0c13932ea496001e2387b9,3000,1800,4.89,131,大維&辰禧,1968,2217,R 語言商業分析課程，帶你暸解業界中的資料科學。從 R 語言與 tidy 架構進行資料整合與視覺化開始，並透過生活化的案例，帶你學習 A/B 測試、降維、迴歸、分類等模型，教你運用 R 語言的資料科學方法來解決不同業界的實際案例。,https://images.hahow.in/images/5b0c144e2ea496001e2387da,2018-06-28T04:00:20.199Z,2018-09-26T04:08:43.048Z,50939.0
625f9ecc763ecd000637b62e,programming,ottaster,零基礎轉職！網頁設計 HTML、CSS 快速入門,PUBLISHED,https://hahow.in/courses/625f9ecc763ecd000637b62e,2690,1980,4.83,6,獺斯特,187,863,專門為零基礎的人設計，並以職場常見應用回推設計而成的課程內容，不僅讓你快速入門網頁設計，同時拉近你與職場的距離！,https://images.hahow.in/images/626758230339e600066d17ee,2022-06-28T04:03:33.816Z,2022-09-22T04:02:19.632Z,31855.0
5d4c225eae3de30020cc0f8e,programming,x38517489-1,資料應用：Excel VBA 爬蟲與 IE 操控入門,PUBLISHED,https://hahow.in/courses/5d4c225eae3de30020cc0f8e,2400,1800,4.85,13,SAM-LIN,345,876,"此課程核心有二:
其一，用 Excel VBA 爬蟲
其二，用 Excel VBA操控 IE
這兩點重點中的重點是如何對網頁原始碼解析與應用網頁原始碼。

整個課程被設計為，我們將從實際應用的範例回推，將會用到的功能一一拆解，讓整體課程更有架構性與實用性。",https://images.hahow.in/images/5e21625d786ca00024d1df61,2020-01-21T04:00:20.355Z,2020-04-20T04:00:40.230Z,18966.0
62a351074b6fc80006922e3c,programming,polakidsplay01,用 Minecraft 學程式思維：培養孩子的邏輯思考力！,PUBLISHED,https://hahow.in/courses/62a351074b6fc80006922e3c,1590,1190,4.9,10,PolaKidsPLAY,219,369,"透過小朋友最喜歡的 Minecraft 遊戲學習程式積木！
在遊戲中創建邏輯思考力、奠定基礎程式思維，以沈浸式遊戲學習法帶領孩子玩中學，
讓孩子在學習程式的過程裡充滿樂趣，產生對程式的興趣！",https://images.hahow.in/images/6323dee650972a00068914f0,2022-09-27T04:00:20.388Z,2022-12-26T04:00:13.096Z,4068.0
5ed221612c010f6096a6eb11,programming,fungus-a,Unity+Fungus 免程式製作你的文字冒險遊戲,PUBLISHED,https://hahow.in/courses/5ed221612c010f6096a6eb11,899,799,5.0,6,陳間時光,450,826,想做冒險遊戲又不會寫程式的話怎麼辦？只要使用 Fungus 外掛，讓你不用寫程式也能專心說個好故事。,https://images.hahow.in/images/5f3117efe865c7043c90a35d,2020-08-13T04:00:20.562Z,2020-11-11T04:02:36.140Z,30467.0
5d1ba52a0d5f3b0021dbb996,programming,creative-coding-1,互動藝術程式創作入門 (Creative Coding),PUBLISHED,https://hahow.in/courses/5d1ba52a0d5f3b0021dbb996,2400,1600,4.98,102,吳哲宇,3481,3455,程式是開啟想像的媒介，這堂課將教用 p5.js 做程式創作，製作動態的網頁看板、實時投影、博物館互動介面、遊戲等不同形式的基礎，在真實的場域中應用。,https://images.hahow.in/images/5e7bd80a7fb77c0026b8e481,2020-04-07T04:00:25.748Z,2020-07-06T04:00:20.787Z,63417.0
5e1d9910786ca00024d0f060,programming,unity3d-anson,從零開始，Unity3D 射擊遊戲製作真簡單,PUBLISHED,https://hahow.in/courses/5e1d9910786ca00024d0f060,2000,1380,4.82,11,Anson,564,971,"教你從基礎的程式設計開始，逐步建構出你想完成的那份遊戲夢。

在這課程裡，我會一步一步帶領你們，口語化的介紹程式，生動的講解架構流程，透過課程了解 3D 遊戲製作，你也能做出內容更豐富的遊戲。",https://images.hahow.in/images/5eba6d77df2168e566d5f0b4,2020-05-14T04:00:20.487Z,2020-08-12T04:06:55.008Z,55531.0
63bb39de30edf906e0373d98,programming,wordpress-ai,Wordpress 基礎架站：AI 工具與 SEO 優化,PUBLISHED,https://hahow.in/courses/63bb39de30edf906e0373d98,3880,2880,0.0,0,Connie 英語x網絡創業,78,279,"想建構屬於自己的網站，但無從入手嗎？這將會是你的 LIFE CHANGER！這個課程將帶領你在短短 5 小時，學習如何運用 AI 工具和 WordPress 建立功能豐富的網站。從個人部落格到線上商店，這個課程將帶領你從零到建構一個屬於您的網站。無需編程經驗，你將掌握簡單且強大的工具，立即踏上建造網站的旅程，將 AI 的挑戰轉成機遇！ 
",https://images.hahow.in/images/64a264df4380cc2515f4e1bc,2024-01-25T04:00:08.500Z,2024-04-24T04:03:42.830Z,14101.0
60bf10c4429bc72a4a5638a9,programming,pythonvis,Python 資料視覺化入門：讓圖說出好故事,PUBLISHED,https://hahow.in/courses/60bf10c4429bc72a4a5638a9,3200,1980,5.0,13,補根課程 Burgeoning Course,291,822,「一張好的圖，勝過千言萬語」，當我們想要呈現資料背後的故事和意義時，相較於文字的描述，一張良好的視覺化更加令人印象深刻！現今的圖表製作工具種類繁多，為何要選擇 Python？因為 Python 的資料視覺化工具功能強大，可以充分滿足您的各種視覺化需求，而且語法簡潔、好用易學習！這門課程將以豐富的實作示範帶您上手使用 Python 製作各種實用的圖表、熟悉資料視覺化必備的基礎知識，並認識良好的視覺化設計準則，讓您學會如何製作出能說出好故事的圖！,https://images.hahow.in/images/625105e8d14ce2000775e32b,2022-06-23T04:00:20.709Z,2022-09-21T04:00:09.341Z,37689.0
5e6dd4fe024d690024e3be3e,programming,linux-rh8,Linux 我來教: CentOS/ RHEL 8 新世代雲端,PUBLISHED,https://hahow.in/courses/5e6dd4fe024d690024e3be3e,3300,2475,4.93,58,Hank Tom,829,884,建立 Linux 系統，架設網站服務與解決問題，還能用來調教出適合企業使用的平台。課堂中將會理論與實際操作並行，帶你深入淺出理解 Linux,https://images.hahow.in/images/5e8d704537e26406fcce1fce,2020-04-14T04:00:20.583Z,2020-07-13T04:05:06.442Z,29106.0
5e64bb261c966500239069f9,programming,data-pipeline,打造動態報表！雲端 Python 爬蟲資料流,PUBLISHED,https://hahow.in/courses/5e64bb261c966500239069f9,2488,1988,4.87,38,Danny,732,1244,學完本課程後，你將有能力獨自從 Python 爬蟲的開發，進入到利用雲端系統自動化的更新資料，並產出獨一無二的動態視覺化報表，真正掌握“資料到產品”的完整流程！,https://images.hahow.in/images/5ee1f8c31bd3cfbc4e5e1a07,2020-06-18T04:00:20.430Z,2020-09-16T04:00:25.556Z,19093.0
59c688e3757b61001eea421f,programming,pythonrec,Python 推薦系統入門: 打造令人上癮的產品,PUBLISHED,https://hahow.in/courses/59c688e3757b61001eea421f,2500,1500,4.5,12,James,271,685,"本門課為 Python 推薦系統入門課程，主要分為三大部分
1. 介紹推薦系統實際商業應用
2. 學習推薦系統原理（協同過濾、矩陣分解、機器學習、深度學習）
3. 使用 Python 打造推薦系統
幫助想了解推薦系統的學生或是產品經理，能夠在短時間內系統性地學習推薦系統全面知識。

機器學習、深度學習已經運用在各領域如影像辨識、文字/語音處理等領域並取得很大的成就。
推薦系統也是其中一個成長非常快速的領域，目前市面上的中文學習資源並不多，當初我自己在學習時也遇到很多坑，因此希望這門課能幫助許多的人快速理解推薦系統的全貌。",https://images.hahow.in/images/5fda2c4d21f01232f6c9490e,2020-12-22T04:00:32.679Z,2021-03-22T04:00:23.286Z,17681.0
5d9c405e6f4b130023e9999d,programming,csf-data-analysis,Python 資料分析 - 網頁爬蟲與視覺呈現,PUBLISHED,https://hahow.in/courses/5d9c405e6f4b130023e9999d,1880,980,4.78,58,電腦技能基金會,888,1734,Python 資料分析課程，教你運用 Python 網頁爬蟲與視覺呈現做資料分析。課程包含網頁資料擷取與轉換，如何運用 Matplotlib 和 Seaborn 進行視覺化呈現，循序漸進的帶你有邏輯的學習 Python 資料分析。,https://images.hahow.in/images/5e02de331b68d20020e23197,2019-12-17T04:00:37.884Z,2020-03-16T04:08:45.547Z,27534.0
645734e4ce9d5fb4442d91cd,programming,sqlfiftyplus,進階 SQL 的五十道練習：資料庫功力再提升,PUBLISHED,https://hahow.in/courses/645734e4ce9d5fb4442d91cd,3980,2354,5.0,44,郭耀仁,741,920,上完「SQL 的五十道練習」覺得意猶未盡，想要進一步強化 SQL 能力嗎？加入這門進階課程並完成練習題，讓你百尺竿頭，更進一步！,https://images.hahow.in/images/64e076e3a2c8ec95a105b4fd,2023-09-12T04:00:02.810Z,2023-12-11T04:01:13.887Z,50723.0
5f0eba11f6768b72b22b0dc9,programming,hexschool-html-css,使用 HTML、CSS 開發一個網站,PUBLISHED,https://hahow.in/courses/5f0eba11f6768b72b22b0dc9,1600,1500,4.97,62,六角學院,1072,2724,為你打造就算沒有程式基礎，也能夠逐步學習獲得網頁排版技巧的紮實觀念，六角學院的講師將協助你成就更好的自己！,https://images.hahow.in/images/5f4c73b1dccd653e568b9b9d,,2020-07-31T04:00:55.227Z,57999.0
60a75465029722874f0c1f16,programming,csf-web-crawler,Python 爬蟲入門特訓 ─ 資料抓取與處理應用,PUBLISHED,https://hahow.in/courses/60a75465029722874f0c1f16,1880,1200,4.98,49,電腦技能基金會,1076,1780,課程對象主要針對非資訊科系、或者想把程式寫作能力奠定更扎實的開發者。課程內容除了爬蟲基礎語法逐步教學外，會使用豐富的實例不斷演練，並且培養如何觀察各類型的網站，思考如何從中突破抓取所需要的資料。,https://images.hahow.in/images/60dbefd691602a5264cc5faf,2021-06-30T04:00:03.386Z,2021-09-28T04:00:03.577Z,34646.0
5eda07470a10820918a5bc87,programming,python-advanced,Python 進階課程：觀念、語法、專案、爬蟲,PUBLISHED,https://hahow.in/courses/5eda07470a10820918a5bc87,3590,3200,4.98,46,Allen 劉曣全,1230,2841,龐大的程式領域中，要自己有效地提升程式能力不容易，本課程將帶領只會基礎程式的同學，延伸精進對寫程式的了解與能力。,https://images.hahow.in/images/68ddd91d6ae07eab6c5da6c1,,2020-09-29T03:56:51.997Z,133853.0
58cb3438da45810700e53507,programming,r-hands-on,開啟資料科學的學習大門 - R入門教學,PUBLISHED,https://hahow.in/courses/58cb3438da45810700e53507,500,250,4.93,109,Wush Wu,1819,1401,大數據時代來臨，學習R語言這門資料科學用的程式語言，強化數據科學核心技能，分析處理資料並將其視覺化，學習機器學習與進階應用，成為用數據說話的資料科學人！,https://images.hahow.in/images/58da1e786e5d500700c83e0e,2017-04-20T05:30:11.819Z,2017-06-18T04:16:21.310Z,28189.0
5892e48a5f188a07007f7013,programming,java-codegym,【Java 程式語言】從 0 到 1,PUBLISHED,https://hahow.in/courses/5892e48a5f188a07007f7013,3600,1180,4.91,593,Code Gym,2486,2730,Java 是目前業界經常使用的程式語言之一，也是目前市場上最需要的人才之一，這堂課程將會使用康乃爾筆記學習法，程式碼實作示範、課後練習和專題實作，4種教學方式進行教學，你將循序漸進完成Java 學習地圖的6個步驟，最後我將幫助成為一名能夠獨當一面的Java 工程師。學習Java 不難，但一開始有人陪你走一段，路會好走一點！,https://images.hahow.in/images/66bf03838fb58c77ad56024e,2017-02-14T04:02:51.425Z,2017-05-15T04:45:57.061Z,68457.0
58677d39f108e00800c25f36,programming,clanguage,C 語言入門特訓,PUBLISHED,https://hahow.in/courses/58677d39f108e00800c25f36,1000,500,4.64,42,Lien  Ted,609,1008,C語言入門課，適合於對軟、硬體程式設計開發有興趣的人。將使用 The C Programming Langauge 一書為教材，從操作變數和運算符號開始，詳細講解如何使用C語言構建程式敍述、編寫和運行函式、在程序中加入邏輯判斷、迴圈和跳轉、使用預處理指令、以及如何使用字串和陣列等，帶你由淺入深理解C語言。,https://images.hahow.in/images/58677f12f108e00800c25f52,2017-02-08T04:39:31.175Z,2017-04-09T10:16:47.139Z,8445.0
60aeac37bca91777bf5bb114,programming,nodejs-mongodb,Node.js、MongoDB 網站後端工程入門,PUBLISHED,https://hahow.in/courses/60aeac37bca91777bf5bb114,3200,1600,4.9,48,彭彭,443,830,學習 Node.js 核心基礎，搭配 Express 網站框架以及 MongoDB 資料庫，逐步建立完整的後端開發技能。,https://images.hahow.in/images/60dd8d8b7c18330007b74c9d,2021-08-03T04:00:20.858Z,2021-11-01T03:58:22.371Z,36327.0
5add8e08fe4f6d001ee1b60a,programming,spatialbigdata,空間大數據分析：GIS入門,PUBLISHED,https://hahow.in/courses/5add8e08fe4f6d001ee1b60a,2500,1300,4.98,84,HowGIS,1341,1213,GIS 空間數據分析課程，教你實際運用空間數據分析來幫助決策。課程包含QGIS 入門和應用。從空間數據下載、整理、儲存與分析，到資料視覺化，幫助你運用空間分析，做出對自己、對環境最有利的決策。,https://images.hahow.in/images/5af2c9f1b44939001e4645d9,2018-05-10T04:00:20.197Z,2018-07-30T11:01:21.513Z,21287.0
5de8fec16117240026540b9c,programming,kucw-github-hugo,Github 免費架站術！輕鬆打造個人品牌,PUBLISHED,https://hahow.in/courses/5de8fec16117240026540b9c,890,490,4.98,221,古君葳,2341,2978,"如何架設專屬於自己的網站？大部分的人會直接利用網路上已有的平台，像是：痞客邦、WordPress、Wix⋯⋯等，這些平台雖然非常方便使用，但是其最大的缺點，就是永遠看起來都差不多的主題介面。

如果你想要架設一個不一樣的個人網站，使用 Github Pages + Hugo 是一個不錯的選擇。Hugo 提供了非常多樣的主題做選擇，並且使用 Markdown 進行文章的格式排版，非常容易上手。

本課程會一步步的教學如何從零開始架設個人網站，當上完這門課時，你的個人網站也已經完成了！",https://images.hahow.in/images/5e4a2d3d5b02f600245ba84c,2020-02-18T04:00:20.285Z,2020-05-18T04:00:07.947Z,15851.0
586fae97a8aae907000ce721,programming,monoame-webdesign2,動畫互動網頁特效入門（JS/CANVAS）,PUBLISHED,https://hahow.in/courses/586fae97a8aae907000ce721,2500,1600,4.98,224,吳哲宇,6218,6585,網頁特效入門課程，教你製作網頁特效、動畫，與遊戲製作原理。從零開始快速入門互動網頁、JS 與繪圖實戰範例，並學習 Vue.js 整合前端網頁，自己也能輕鬆製作網頁特效與動畫。,https://images.hahow.in/images/5b85f1a8297df5001efb0150,2017-05-18T04:00:03.976Z,2017-08-16T12:48:14.580Z,185106.0
59ae5da5cd5792070055b973,programming,database,資料庫設計 - 有效的使用系統資料,PUBLISHED,https://hahow.in/courses/59ae5da5cd5792070055b973,2300,980,4.94,530,Code Gym,2024,2850,資料庫設計課程，從基礎到進階學習設計資料庫，掌握 SQL 語法，透過大量的企業案例分析，教你實際將資料庫設計應用於軟體系統的開發實例。,https://images.hahow.in/images/63105316250a4e0007efa1b9,2017-09-21T04:00:44.428Z,2017-12-20T04:00:25.738Z,31304.0
5ef484ec96fb8b534ac9018b,programming,andyrockhive,入門數據分析，掌握 Hive SQL 取數能力,PUBLISHED,https://hahow.in/courses/5ef484ec96fb8b534ac9018b,2680,1980,5.0,11,RockData 邱國欣(Andy Chiu),147,539,"提到數據分析的必備程式語言，大多數人腦中出現的關鍵字通常是 R 或 Python，大多 R/Python 的課程已經提供好分析所需要的數據了，但在真實的工作環境中，公司的數據都放在資料庫中，我們必須透過Hive語言到數據庫中把數取出來(簡稱：取數)。
然而不少剛入門的數據分析師卻卡在這裡，他們無法順利的取出需要的數據做進一步分析。
因此，在這堂課的內容會以為分析工作中常用的查詢操作為主，期望能快速應用到工作中！ ",https://images.hahow.in/images/606d5868cceb9924afcec414,2021-04-27T04:00:20.656Z,2021-07-27T09:31:33.618Z,21965.0
5dbb756d763da3002075eb62,programming,dajourney,如何成為資料分析師：從問題解決到行動方案,PUBLISHED,https://hahow.in/courses/5dbb756d763da3002075eb62,1980,1450,4.87,92,郭耀仁,1610,2973,資料分析師養成課程，跟著資深資料分析師，透過資料分析的思維，帶你走過實際解決問題的框架。教你理解爬取與載入、清理與轉置等資料分析流程，讓你具備資料驅動的思維，解決職場或求學所遇到的問題。運用課程的問題解決案例，你也能逐步規劃出自己的資料分析師養成步驟。,https://images.hahow.in/images/5e0183ec1b68d20020e1bdc7,2019-11-27T04:00:20.863Z,2020-02-25T04:00:29.712Z,15554.0
63402fd26427e800068f29ad,programming,tzi-web3-0,給前端工程師的 Web 3.0 入門,PUBLISHED,https://hahow.in/courses/63402fd26427e800068f29ad,3599,2888,5.0,7,李婷婷 Tina,64,261,當區塊鏈更加深入地與實體經濟結合，深入食衣住行育樂等日常生活的不同面向，我們預期「前端如何串接 Web 3」將會成為一個熱門的開發需求，甚至是未來前端工程師的必備技能。 ,https://images.hahow.in/images/63468d510eef0600073ed133,,2022-10-26T04:00:21.553Z,9826.0
62f081e5a73ee3000752619b,programming,python-industry,Python 工業製程 0 - 1 製程資料處理大師,PUBLISHED,https://hahow.in/courses/62f081e5a73ee3000752619b,2500,1999,3.0,3,臺灣行銷研究,97,251,本課程由工業人工智慧專案服務經驗出發，結合「製程數據資料」與「資料科學」，期望為您解決工業製程的難題！。,https://images.hahow.in/images/635b6b0f3e05835734f56b19,2022-11-02T04:00:24.368Z,2023-01-31T03:59:10.642Z,19076.0
591d96d300f58c070078c4c6,programming,responsive-design,職人必修的 RWD 網頁入門班,PUBLISHED,https://hahow.in/courses/591d96d300f58c070078c4c6,2000,1000,4.95,40,Mike,517,1478,網頁製作必學的 RWD 響應式網頁設計，課堂中將從架構規劃設計開始，帶你理解網頁語法與瀏覽器相容性，接著會教你網頁選單的設計製作，深入潛出地教你 RWD 網頁的開發技巧。,https://images.hahow.in/images/597fe06cacc13707000712a0,2017-09-07T04:00:20.484Z,2017-12-06T04:38:44.326Z,42179.0
593a0a69d0472a0700f24243,programming,gavin-oop-soul,解碼程式思維－物件導向的靈魂,PUBLISHED,https://hahow.in/courses/593a0a69d0472a0700f24243,800,500,3.64,11,Gavin,373,509,學完程式，理解了判斷式、迴圈、函數、繼承⋯等等，並且開始慢慢上手，卻不知道怎麼更進一步，物件導向設計會是你在程式領域中 CP 值最高的一門藝術,https://images.hahow.in/images/5985dd39acc13707000766a1,2017-08-08T07:00:15.004Z,2017-11-14T12:38:25.069Z,20209.0
607015a2db27b36747727e80,programming,mm-cbdc-course,前進新貨幣戰國時代！央行數位貨幣 CBDC,PUBLISHED,https://hahow.in/courses/607015a2db27b36747727e80,2500,0,4.95,19,MacroMicro 財經M平方,87,316,本次課程除了完整解析 CBDC，也將介紹相關產業的 ETF 商品及報酬。若你想跟上 20 ~ 30 年一次的科技生產力循環，以及數位貨幣時代的最新浪潮，並從中抓住投資機會，馬上跟著 M 平方，運用 60 分鐘的時間，一次看懂全球都在討論的央行數位貨幣！,https://images.hahow.in/images/607962a76116901d25f50578,,2021-04-20T04:02:09.604Z,4050.0
5b80cf78e89e08001e8bafaf,programming,rtextmining,R語言和文字探勘 - 洞悉巨量文字的商業價值,PUBLISHED,https://hahow.in/courses/5b80cf78e89e08001e8bafaf,2790,2190,4.61,23,大維&辰禧,547,825,R 語言文字探勘課程，課程將從文字資料的特殊性開始介紹，教你如何利用 R 語言的各項套件清理、轉換、斷詞與視覺化文字資料。還會傳授以詞彙為基礎的文字分析技巧，幫你找出大量文件中的重要詞彙，並視覺化詞彙間的關係。並教你利用文件的分析技巧，幫助你有效探索輿情。並進行情感分析。,https://images.hahow.in/images/5d1a17870d5f3b0021db5e57,2019-08-01T04:00:20.927Z,2019-10-30T04:38:21.179Z,32778.0
5dc4078d1eeef600214f7108,programming,azuremlstudio,資料科學：Azure 機器學習工作室入門,PUBLISHED,https://hahow.in/courses/5dc4078d1eeef600214f7108,890,590,4.77,13,Maizie,259,483,想學機器學習卻不懂寫程式？Python 或 R 雖然教學課程很多，但又覺得學習門檻太高？那我推薦你選擇「Azure 機器學習工作室」當作你機器學習的第一門課！透過視覺化開發流程，讓對程式不了解的你，也可以做出超實用的預測模型。Azure  機器學習裡面所有演算法，都經過 Microsoft 資料科學研究院認證並開發，快來上這門 Azure 機器學習課程吧！,https://images.hahow.in/images/5e66027e1c9665002390d35d,2020-03-11T04:01:26.655Z,2020-06-09T04:01:04.782Z,7565.0
5f0ecaa2cad0d00d06e46aa8,programming,hexschool-rwd,一變應萬變：RWD 響應式網頁設計,PUBLISHED,https://hahow.in/courses/5f0ecaa2cad0d00d06e46aa8,2600,2600,5.0,10,六角學院,218,951,還不會目前業界最為流行的響應式網頁設計嗎？讓六角學院線上手把手教會你/妳！,https://images.hahow.in/images/5f4c73195564dd390f69867d,,2020-07-31T04:01:11.345Z,29563.0
624cefb6961ed70007ae9737,programming,python-abtesting,Python A/B 測試：用數據優化銷售轉換率,PUBLISHED,https://hahow.in/courses/624cefb6961ed70007ae9737,2888,2188,0.0,0,鍾皓軒,96,362,"本課程會帶著學員從商業實務、統計理論、Python 實作教學來認識並了解如何利用 A/B 測試比較兩個或兩個以上的廣告。同時，學員也會學會透過動態視覺化網頁，讓統計檢定的結果更易理解。

1. A/B 測試幫助你找到對的廣告
2. 用 Python 打造 A/B 測試工具
3. Python 的 A/B 測試應用趣
4. A/B 測試商業分析實戰
5. 商業分析師必備技能－A/B 測試",https://images.hahow.in/images/639c592935165c74763c5027,2022-12-21T04:00:21.902Z,2023-03-21T03:59:14.290Z,19340.0
5b33cd4f2c4c44004391c836,programming,goblinlab-laravel58,PHP 攻略：Laravel 5.8 從入門到實務,PUBLISHED,https://hahow.in/courses/5b33cd4f2c4c44004391c836,2400,1780,4.13,8,哥布林老師,341,452,厭倦低薪工作或想寫自己的電商網站？別怕菜程式，哥布林工程師(林品爵)帶你輕鬆學 Laravel 程式，保證讓你無痛寫出自己的第一個電子商務網站！,https://images.hahow.in/images/5e56018dc8bfb60024940a26,2020-02-25T04:00:21.120Z,2020-05-25T04:00:48.419Z,63273.0
5f58478c880fc4310780cd8f,programming,basic-python,Python 行銷資料科學 ：基礎語法入門最前線,PUBLISHED,https://hahow.in/courses/5f58478c880fc4310780cd8f,1480,950,4.8,15,鍾皓軒,400,1059,本課程是特別為對數據分析有興趣，但又沒有程式基礎的初學者所設計。老師藉由深入淺出的方式，帶您入門程式語法，不僅用有趣有邏輯的架構增加學習的效果，最後也用落地的案例，讓您透過不斷的實作，更靈活動地應用語法。達到程式學習最佳的效果，也可以幫助後續其他數據分析的課程學習更易上手。,https://images.hahow.in/images/5f9fd2dff506d369edfe8c2d,2020-11-05T04:00:25.298Z,2021-02-03T04:04:25.111Z,27113.0
658a5c36586f7a8c23e8ccb3,programming,hank-androidkotlin03,跟我學 Kotlin 與 APP 程式開發,PUBLISHED,https://hahow.in/courses/658a5c36586f7a8c23e8ccb3,2850,1999,4.93,14,Hank Tom,159,237,使用 Google 官方開發語言 Kotlin 的 Android 開發養成線上影音課程，從 Kotlin 語言基礎開始，活用 Kotlin 靈活、簡潔特色，建立完備的 Android 開發能力，熟練 Android Studio 開發工具、Git 版本管理實務、手機端資料庫使用新一代官方 Room 類別庫。,https://images.hahow.in/images/658a5c87fcfecba351f51724,2023-12-27T04:00:35.275Z,2024-03-27T09:07:56.541Z,61558.0
581c3a59cca880070070561b,programming,web-design,不到一小時就能學會的個人網站製作,PUBLISHED,https://hahow.in/courses/581c3a59cca880070070561b,220,99,4.88,75,YH.Fang,786,1700,"運用免費的雲端架站服務，5分鐘讓您專屬的網站上線！
　不需要任何程式基礎，只需滿滿熱情、鍵盤與滑鼠。　隨時更新自己的網站，無需等待。",https://images.hahow.in/images/58b941e65c4e6507007caa76,2016-12-13T04:29:09.613Z,2017-02-23T06:54:26.692Z,4814.0
597df7e2acc137070007013c,programming,pydataml,Python 資料分析＆機器學習入門,PUBLISHED,https://hahow.in/courses/597df7e2acc137070007013c,2500,1000,4.88,235,James,2453,4556,Python 機器學習與資料分析入門課程，學習使用 Python 進行數據分析與資料分析，利用數據來增加營收，並透過機器學習來幫助組織未來的商業決策，最後帶你實際參與 Kaggle 資料科學競賽，透過實際演練學習應用方式，朝資料科學家邁進。,https://images.hahow.in/images/597dfde0acc13707000701a8,2017-08-25T04:07:47.961Z,2017-11-23T03:51:27.884Z,26058.0
63eb19b2071afa7f15fbc195,programming,generative-art-nft,從收藏、鑑賞到發行 NFT：生成式藝術全攻略,PUBLISHED,https://hahow.in/courses/63eb19b2071afa7f15fbc195,3600,2160,5.0,24,Newyellow,278,301,課程將從市場、審美、創作三大方向，帶領同學實際在區塊鏈上買賣、創作生成式藝術作品，讓你全面理解生成式藝術，跟上這波藝術浪潮！,https://images.hahow.in/images/64368e568ecbffd42b74ea76,2023-04-26T04:00:09.881Z,2023-08-15T04:55:27.142Z,82007.0
586a2519f108e00800c26e61,programming,appinventor2,App Inventor 2 入門特訓,PUBLISHED,https://hahow.in/courses/586a2519f108e00800c26e61,1000,500,4.5,12,Lien  Ted,276,374,App inventor 教學課程，適合對 Android App 程式開發有興趣的學生。學習軟體開發應用，提升職場競爭力，課程將從 App Inventor 2 的基本與介面佈局元件開始介紹，接著會進入事件驅動原理和各式基本運算，並以實際範例來演練所學，你也能開發出專屬的 Android App。,https://images.hahow.in/images/586d9c92f108e00800c28464,2017-01-18T07:00:16.546Z,2017-03-19T01:02:14.892Z,8484.0
63402f996427e800068f170f,programming,tzi-solidity,Solidity 語法基礎：零基礎學習以太坊開發,PUBLISHED,https://hahow.in/courses/63402f996427e800068f170f,3599,2888,5.0,4,李婷婷 Tina,74,161,智能合約可以說是區塊鏈運行的關鍵！區塊鏈用戶之所以能夠在沒有第三方機構介入的情況下，在各種去中心化平台上進行操作，正是因為這些 DApps 背後的程式規範，也就是由智能合約（Smart Contract），藉由智能合約，使用者能夠隨時在區塊鏈上進行交易、轉帳、記帳、儲存資料。,https://images.hahow.in/images/634671baf88aab0006189155,,2022-10-26T04:00:32.224Z,13014.0
5965e326ede9500700e66202,programming,5xruby-css-artist,用程式構築的繪畫世界 — CSS 繪圖,PUBLISHED,https://hahow.in/courses/5965e326ede9500700e66202,1800,1500,4.93,27,Cat Sun,321,1268,CSS 繪圖課程，教你利用 CSS 屬性將 div 變成不同的形狀，透過 CSS 作畫，從繪圖的圖形解構與實作，更熟悉 HTML 與 CSS 的語法及架構，增加未來網頁切版時版面配置的更多選擇！,https://images.hahow.in/images/59b1048ccd5792070055cbe6,2017-09-08T04:00:20.528Z,2017-11-07T09:26:55.071Z,20618.0
605ca63e3cd943ce48dc5daa,programming,howtonft,NFT 加密藝術｜買幣、發行、交易一次上手！,PUBLISHED,https://hahow.in/courses/605ca63e3cd943ce48dc5daa,2490,1680,4.8,40,Kiki Wu,1245,1292,"最近在虛擬世界掀起熱潮的 NFT 是什麼？一張 jpg 檔拍賣出 19 億天價到底是怎麼一回事？

這堂課將會由淺入深帶你認識 NFT，認識虛擬世界的最新趨勢。如果你想成為或已經是「創作者」，這堂課將教你如何發行自己的NFT、如果你想成為「收藏家」，這堂課也將告訴你交易 NFT 的必備知識。

從建立虛擬錢包、買入第一筆虛擬貨幣開始，帶你一步一步完成發行跟購買，從各個方面建構你對 NFT 領域的基本知識。由在美國實際發行 NFT 的藝術家 UGLYKIKI，帶你了解這個正在興起的新領域，一起加入 NFT 的世界！

最後還有「創作者」加碼單元，教你如何製作酷炫的3D「虛擬展間」，讓你在虛擬世界吸引眾人目光。",https://images.hahow.in/images/606cfc2646100ae0df2e4bb4,2021-09-17T04:00:20.566Z,2021-12-16T04:40:40.923Z,19775.0
598b01e6891876070047423a,programming,audio-processing,MATLAB 音訊處理入門 - 專屬語音助理,PUBLISHED,https://hahow.in/courses/598b01e6891876070047423a,2500,1500,4.93,15,Jarvus Chen,148,467,給程式初心者的實作課程，從無到有，學用MATLAB製作聲控遊戲！只要掌握這門課的內容，就能移植至任意平台實現。,https://images.hahow.in/images/5ce28de391a3ab002063ab30,2017-08-21T04:00:20.279Z,2017-11-17T08:41:22.056Z,28244.0
5e7883d29c4b140023a79c51,programming,rfm-model,顧客分類大師：Python x RFM 會員經營新觀點,PUBLISHED,https://hahow.in/courses/5e7883d29c4b140023a79c51,2388,1988,4.67,12,行銷資料科學,209,603,"☛ 不知如何分析顧客的購買紀錄嗎？

☛ 如何區分新顧客、常貴客、沉睡客、流失客？

☛ 您了解不同群別的客戶樣貌嗎？

☛ 如何分配顧客行銷資源？如何精準推薦產品？

☛ 不同群別的客戶能為企業帶來多少獲利？",https://images.hahow.in/images/5eaff8936a32024294a551c6,2020-05-06T04:00:20.440Z,2020-07-29T04:00:16.222Z,23332.0
5f0fe156c6ce3911c174c790,programming,hexschool-jquery,使用 jQuery 打造互動性網頁動畫效果,PUBLISHED,https://hahow.in/courses/5f0fe156c6ce3911c174c790,1600,1600,4.78,27,六角學院,298,901,儘管你沒有 JavaScript 基礎也適合上這門課，為網頁添加具互動性的網頁動畫效果！,https://images.hahow.in/images/5f4c71ff2836614391895f00,,2020-07-31T04:00:41.842Z,21006.0
56a3ace74ec4c609007d3065,programming,processing,Processing - 讓程式碼說設計語言,PUBLISHED,https://hahow.in/courses/56a3ace74ec4c609007d3065,1200,700,4.73,11,Aron,322,636,Processing 程式入門課，教你透過程式語言創作出多種素材。透過 Processing 你能製作出圖片、GIF、影片、互動圖表、互動遊戲等素材，將檔案輸出後還能使用 Photoshop、Illustrator、AE 等軟體後製，透過 Processing 跨出程式語言學習的第一步。,https://images.hahow.in/images/587c38436ecf3a0700b762ef,2016-09-15T07:49:37.528Z,2016-11-14T17:19:41.331Z,26974.0
576015bbf1399b0900e2275a,programming,landing-page,成長駭客 (1)－Landing Page 5 分鐘上手,PUBLISHED,https://hahow.in/courses/576015bbf1399b0900e2275a,1200,500,4.42,12,Growth Hack Lab,314,888,Landing Page 到達網頁製作課程，學習成長駭客必備的行銷技術。製作兼具功能與美感的到達網頁，掌握數據分析、RWD 響應式網頁與 A/B 測試等進階功能，成功用 Landing Page 吸引潛在客戶，業績順利達標！,https://images.hahow.in/images/57b1e50506665507002df5ea,2016-08-12T04:07:35.000Z,2016-11-10T04:15:46.026Z,8278.0
5f0fe663cad0d0ece0e58c6c,programming,hexschool-bootstrap,精通 Bootstrap 4 - 開發超強不解釋,PUBLISHED,https://hahow.in/courses/5f0fe663cad0d0ece0e58c6c,2600,2600,5.0,7,六角學院,220,644,此課程不在是念過所有元件的基礎課程，課程中會透過簡報、動畫不斷的強化同學對於網頁設計、Bootstrap 的運用觀念，並且在課程的進行中會透過許多的案例加深對於元件的使用概念，讓學習框架不再只是依循著文件內容而已。,https://images.hahow.in/images/5f4c7138de04c3766af99731,,2020-07-31T04:01:07.721Z,42101.0
67a330167f41a84c7c8b29a9,programming,lineai6886,打造 LINE AI 智能應用：OpenAI × JS 入門,PUBLISHED,https://hahow.in/courses/67a330167f41a84c7c8b29a9,5600,5600,0.0,0,陳緯麟,408,366,教你如何使用 JavaScript 串接 OpenAI 的 API，使用 Vibe Coding 打造出專屬的 LINE AI 應用，讓你能實踐在日常生活中。我們會實作 LINE 通知秘書、檔案管理、語言學習助理等功能，不只能自動回覆訊息、管理檔案、也能輔助英文、日文等多語言的學習，讓你提升工作效率。課程包含 OpenAI 串接、Prompt、RAG 並使用 Dify、Make 來加速 AI 開發，帶你掌握 AI 開發的關鍵知識，創造自己的智能應用。,https://images.hahow.in/images/68404433a2dc54b55120c055,2025-09-16T03:30:09.494Z,2025-12-23T04:06:00.080Z,49717.0
638566baec86751faa191dd2,programming,hank-androidkotlin01,更快學活 Java 與 Kotlin 兩種程式語言,PUBLISHED,https://hahow.in/courses/638566baec86751faa191dd2,2050,2000,5.0,4,Hank Tom,81,129,本課程專注於 Java 與 Kotlin 的語法，用獨創的方幫助你建立物件向導觀念，接地與實務結合的生活案例。加上動手實作引導與練習與 2023 年最新版 IntelliJ IDEA 開發工具，上手並達到最佳的效益。,https://images.hahow.in/images/649328f75836001796ed01c8,,2023-08-09T04:00:39.636Z,35915.0
58bfdaab5c4e6507007cdeca,programming,appinv2adv,APP Inventor 2  進階實戰,PUBLISHED,https://hahow.in/courses/58bfdaab5c4e6507007cdeca,1000,500,0.0,0,Lien  Ted,125,255,「五分鐘 程式設計」系列－安卓手機APP進階課程，共15單元，涵蓋動畫、計時器、音樂播放、加速度、指南針、藍牙、語音識別、資料庫和照相機元件。,https://images.hahow.in/images/58f4c4924909c907004ad198,2017-04-07T05:53:07.307Z,2017-06-02T08:15:53.234Z,5134.0
5aca2dc9d21aee001e55b296,programming,web-security-intro,經典駭客攻擊教程：給每個人的網站安全入門,PUBLISHED,https://hahow.in/courses/5aca2dc9d21aee001e55b296,2799,1500,4.92,159,Jayden Lin,1690,2397,網站安全入門課，從零開始建立網站安全的專業知識。課程將著重於資訊安全的概念和駭客攻擊原理與手法，並帶你掌握破解駭客攻擊的防禦方式，完整洞悉網站安全與資訊安全的原理。,https://images.hahow.in/images/5b13f888865ad2001ec2e917,2018-06-27T04:00:20.129Z,2018-09-25T04:00:14.279Z,41365.0
677e3444dd84f9e3caf878f8,programming,csf-ai-python,AI 程式開發特訓：Python 與 ChatGPT 高效應用,PUBLISHED,https://hahow.in/courses/677e3444dd84f9e3caf878f8,4980,4980,0.0,0,電腦技能基金會,230,384,我們將透過精確地下達指令，學習如何有效運用 ChatGPT 來輔助 Python 程式開發，您將能夠利用生成式 AI 來快速完成大部分程式碼。在 AI 協助加速開發過程中，其生成的程式碼可能會存在錯誤，透過課程學習後你將具備專業的程式設計與偵錯能力。,https://images.hahow.in/images/6806262aecd4e1e50e31de7a,2025-04-22T04:00:14.405Z,2025-07-21T04:00:48.855Z,25057.0
5e95c5b8845c8bf74c0102df,programming,ux3toryu,【UX‧三刀流】產品體驗設計,PUBLISHED,https://hahow.in/courses/5e95c5b8845c8bf74c0102df,6666,2200,4.88,82,UX‧三刀流 (温明輝),1571,2984,《UX ‧ 三刀流》是一個以「運算思維」為基礎而實踐 UX 設計的一種設計思維，學習者可以透過《用戶流》、《商業流》、《數據流》等三種能力的了解與練習，掌握 UX 工作的專業技術與思維，在動態的商業環境中以此三種能力中併行思考、取捨、決策與行動，以達到優化產品以提升使用者體驗的目標。,https://images.hahow.in/images/66da3b803b9305b0d985ab12,2021-01-07T04:00:20.702Z,2021-05-14T04:00:46.712Z,111544.0
671ccc1ceebc1c6fd62bc08c,programming,ai-coding,AI Coding 無痛上手 - 專為 AI 時代設計的開發方法論,INCUBATING,https://hahow.in/courses/671ccc1ceebc1c6fd62bc08c,6800,6800,0.0,0,Kai Yen,888,359,"從零開始用 AI Coding 打造實用網站，完成各種AI功能！學會「12 積木」積木架構思維: AI 功能 × 會員登入 × 資料 × 部署一次到位
打造屬於你的 AI 英語教練、智能記帳、履歷健檢軟體等等，讓你的想法不再存在腦海中，而是化身成現實!",https://images.hahow.in/images/6a1502161aee65d38b5cee43,2026-06-04T04:00:25.788Z,,0.0
63ec353028176f050860dc82,programming,ai-art-master,AI 繪圖溝通術，生成式 AI Stable Diffusion 帶你施展魔法,PUBLISHED,https://hahow.in/courses/63ec353028176f050860dc82,2399,1799,4.76,17,AI . FREE Team,542,1196,你想過利用文字描述就能進行藝術創作嗎？本課程將從 0 到 1 與你一起探索 AI 繪圖的世界，並學習與生成式 AI 溝通，利用 Stable Diffusion 打造獨一無二的藝術創作！,https://images.hahow.in/images/644d2e47d1fa506e10d95bc4,2023-04-19T04:00:09.237Z,2023-07-18T04:00:17.575Z,34759.0
610814069871100007ab7b4f,programming,pythonfiftyplus,Python 的 50+ 練習：資料科學學習手冊,PUBLISHED,https://hahow.in/courses/610814069871100007ab7b4f,4980,2480,4.94,79,郭耀仁,1172,2314,學會 Python 程式設計與資料科學應用，能夠讓我們成為擅長寫程式處理數據、挖掘洞見的資料分析師，跟著我完成 50+ 練習把它學起來！,https://images.hahow.in/images/61b300275e64070006f15e7d,2021-12-15T04:00:07.187Z,2022-03-15T04:00:09.819Z,62847.0
5cba784d6b6d4e0020dd1226,programming,lkj2000168,玩轉數據與資料：Excel VBA 入門教學,PUBLISHED,https://hahow.in/courses/5cba784d6b6d4e0020dd1226,2790,1490,4.73,99,SAM-LIN,1436,2312,Excel VBA 入門課程，將從 Excel VBA 入門的環境設定開始，透過實作範例練習，帶領學生寫出想要的程式碼，學習迴圈雨判斷式的多結構混合應用，來進行數據與資料的處理分析。,https://images.hahow.in/images/5ce79317ea2d0500209a9391,2019-06-04T04:00:06.800Z,2019-09-02T04:07:30.600Z,24179.0
68c8b8eb2c2b08831999a51b,programming,rust-python,Python × Rust 高效開發實戰 效能 × 安全一次到位,PUBLISHED,https://hahow.in/courses/68c8b8eb2c2b08831999a51b,7280,7280,5.0,5,Salima,211,191,本課程從 Rust 核心觀念出發，循序漸進進入 Python 加速實戰，帶你寫出快速又安全的程式，並透過系統化的實戰練習，掌握從底層效能優化到應用端整合的完整開發流程。,https://images.hahow.in/images/695275692106bc1fa2e1d5b0,2025-12-02T04:04:29.463Z,2026-03-12T03:50:37.292Z,31290.0
5df27f1fa5ee510022a08500,programming,docker-picture,Docker 部署入門完全指南-圖片速學攻略,PUBLISHED,https://hahow.in/courses/5df27f1fa5ee510022a08500,1399,899,4.96,157,SamTsai,1508,1153,此課程將透過架構圖片取代大量文件，讓大家更直覺的認識 Docker。每個主題將分成觀念與實作部份，在建立觀念後透過練習加強學習效果,https://images.hahow.in/images/5e386498833af10023b34a63,2020-02-11T04:00:20.451Z,2020-05-11T04:02:54.581Z,17270.0
5fe22e7fe810e10fc483dd78,programming,springboot,Java 工程師必備！Spring Boot 零基礎入門,PUBLISHED,https://hahow.in/courses/5fe22e7fe810e10fc483dd78,3600,2400,4.99,227,古君葳,2451,1851,想找 Java 工程師的工作，卻不知道如何入門 Spring？曾自學過 Spring，但想了解業界目前最流行的 Spring Boot 的用法？這門課會透過系統化的課程安排以及超過 40 個小時的教學，一步步的幫助你建立 Java 工程師所需具備的技術能力，從現在開始一起入門 Spring Boot 吧！,https://images.hahow.in/images/64d5d90e018e4b78e4ebf9fb,2021-01-20T04:00:20.761Z,2021-04-20T04:01:28.594Z,151909.0
68944e0cb30612ab48f090a0,programming,bruceclaudecode,Claude Code 前端工程師 AI 升級術：打造前端高效工作流,WARM_UP,https://hahow.in/courses/68944e0cb30612ab48f090a0,7280,7280,0.0,0,布魯斯前端,0,0,前端工程師的 AI 升級術。從 Claude Code 核心工作流到 6 大 MCP 串接，再到全端實戰打造仿 Claude Code 聊天機器人，讓 AI 真正成為你的工程夥伴。,https://images.hahow.in/images/6a3a62441c879c9fc6d2bd33,2026-07-08T04:00:00.000Z,,
68186cab7b691d6899006945,programming,ai-investing,高效 AI 投資術：No Code 打造自動化股票理專,PUBLISHED,https://hahow.in/courses/68186cab7b691d6899006945,7980,7980,4.87,224,Code Gym,5388,2932,善用 Chat GPT、Claude、Perplexity 等 AI 工具，讓投資理財更快、更有效率！一堂免寫程式，幫助你打造全方位投資系統的應用課程。不用天天盯盤，只要在課程中學會用 AI 串接資訊，就能每天請 AI 自動整理投資訊息，省下更多的時間，做更精準的決策！,https://images.hahow.in/images/68186d4b7b691d6899009e63,2025-07-08T04:00:07.204Z,2025-09-30T04:00:46.880Z,25534.0
67b02fdcc058731dbfba3611,programming,dify-ai-workflow,Dify 零代碼革命—打造你的第一個 AI Agent,PUBLISHED,https://hahow.in/courses/67b02fdcc058731dbfba3611,4600,4600,0.0,0,凱文大叔,208,172,"許多人說 2025 年是 AI Agent 元年，如何才能開發自己的 AI Agent？
想快速開發 AI 應用卻卡在繁瑣的程式碼？
Dify 的「可視化工作流」讓你專注於創意與邏輯設計！
本課程以 「實戰 AI 生成應用」 為核心，帶你活用 Dify 的零代碼工具
從串接模型、建立知識庫、設計流程、部署應用，一步步打造屬於你的智能解決方案。",https://images.hahow.in/images/692fdbca39dc9ab7e083d329,2025-12-04T04:00:14.447Z,2026-03-17T05:02:54.708Z,19007.0
5d77176845639e00212bc562,programming,learning-coding,自學程式如何快速入門 - 以 Python/JS 為例,PUBLISHED,https://hahow.in/courses/5d77176845639e00212bc562,2200,1590,5.0,55,Kai Yen,1215,2209,程式自學入門課程，以 Python 和 JavaScript 為例，帶你認識程式基礎，學習如何針對專案需求挑選程式語言。掌握程式學習資源的搜尋辦法，做出你需要的程式應用。,https://images.hahow.in/images/5e01848c1b68d20020e1bdf0,2019-12-11T04:00:20.370Z,2020-03-10T04:00:11.061Z,25577.0
60c1d33a8dd31844b56bfd54,programming,slashie-ai-free-team,學習 AI 一把抓：點亮人工智慧技能樹,PUBLISHED,https://hahow.in/courses/60c1d33a8dd31844b56bfd54,2799,1949,5.0,29,AI . FREE Team,708,1154,"AI 一把抓，帶你一次學完 Python、資料分析、機器學習與深度學習！
課程包含：核心概念獎、手把手實作、參與兩項數據競賽 (top 35%)；
輕鬆入門，開啟你的斜槓新人生！",https://images.hahow.in/images/614eca15a39712000619b672,2021-12-08T04:00:20.757Z,2022-03-08T04:00:27.165Z,83123.0
69aeb4df67bc8c5c295a3b7d,programming,python-statistics,Python × 統計完整攻略：從機率基礎到真實資料分析的全面掌握,INCUBATING,https://hahow.in/courses/69aeb4df67bc8c5c295a3b7d,4980,4980,0.0,0,Salima,378,212,從統計觀念出發，結合 Python 實作與真實資料分析，循序建立統計思維與資料分析的實戰力！帶你從核心觀念一路延伸到迴歸分析、假設檢定，培養解讀數據、分析問題與做出決策的能力。,https://images.hahow.in/images/69e876efc5eb3f69c5399b7c,2026-04-27T04:00:19.729Z,,18573.0
6841298da88edd8823da25d6,programming,selinaai1,創建高效模式：30 種零門檻 AI 工作應用術,PUBLISHED,https://hahow.in/courses/6841298da88edd8823da25d6,7600,7600,5.0,11,Selina,952,848,你缺的不是更多工具知識，而是一套真的用得上的 AI 學習系統！老師將教授獨創的 CRAFT 發想框架，讓你面對不同 AI 工具應用時，都能迅速有邏輯地輸出高品質內容，完成工作任務。,https://images.hahow.in/images/684878f3edd4ed135c8fe1e4,2025-06-17T04:00:10.040Z,2025-09-30T04:01:04.730Z,20933.0
5aced6bad21aee001e55e63a,programming,daxpowerbi,Power BI x AI 終極實戰：打造高效數據分析工作流,PUBLISHED,https://hahow.in/courses/5aced6bad21aee001e55e63a,3000,1900,4.84,253,Dax (Kiro),3655,4091,這不只是一堂 Power BI 課程，而是為你打造的現代數據分析工作流。本課程已於 2025 年全面重錄，解決了舊版介面差異與學習曲線陡峭的問題。我們將帶你從數據分析的核心心法出發，深入 Power BI 的三大模組，並全面融入 AI 協作技巧。你將學會如何定義商業問題、清理雜亂的原始數據、建立強大的資料模型、活用 DAX 語言，並最終透過 AI 輔助，打造出三個商業級的動態數據儀表板，讓你從資料中洞悉價值，成為無可取代的數據決策者。,https://images.hahow.in/images/6867881d93bb353a5de8fa1e,2018-08-15T04:00:20.519Z,2018-11-13T04:00:13.460Z,33026.0
5bdaafa726b5640020754649,programming,pythontqccsf,Python 入門特訓 - 基礎實作到證照攻略,PUBLISHED,https://hahow.in/courses/5bdaafa726b5640020754649,1790,800,4.98,668,電腦技能基金會,7901,10107,Python 證照攻略課程，教你 Python 的程式語法與 Python 證照攻略，循序漸進學習 Python 開發環境的建置。同時也將教你 TQC 和 Python 認證考試的攻略要點，由淺入深掌握 Python 證照攻略。,https://images.hahow.in/images/5c6639d091da6d0020766b1f,2019-02-20T04:00:21.450Z,2019-05-21T04:50:56.791Z,35763.0
68f0b5736dc0222aaa220f5a,programming,stocklearnpy,金融數據學 Python：從選股建立程式邏輯,PUBLISHED,https://hahow.in/courses/68f0b5736dc0222aaa220f5a,5980,5980,0.0,0,郭耀仁,179,193,傳統學習程式語言多採從基礎到應用、循序漸進的教學設計；這門課程改採數據驅動的任務型教法，讓學生從金融數據、選股思維的角度切入學習程式邏輯。,https://images.hahow.in/images/69a7f1acd117549c367aaa92,2026-03-05T04:00:58.151Z,2026-04-28T04:14:28.048Z,32468.0
68d00855cb172574d9a1a3fe,programming,ai-on-duty,AI On Duty：職場必備 AI 工具與選擇策略,PUBLISHED,https://hahow.in/courses/68d00855cb172574d9a1a3fe,7280,7280,4.69,29,高玉璁 Samuel,735,727,"如果你還在「會用 AI，但用不好」，這堂課會帶你從心法到流程，把 AI 變成能真正「上工」的第二雙手、第二顆腦。

4 種模型加上 20 種以上的工具介紹，透過思維、流程與工具整合的實戰系統，你將學會讓 AI 穩定接手日常任務、減少時間浪費、提升輸出品質，不再靠撞運氣，而是建立可複製的高效工作方式。
",https://images.hahow.in/images/68d008e7082be642e7cb92ef,2025-11-06T03:44:28.367Z,2026-01-13T04:02:47.553Z,44918.0
5ee4d65789dc7e4854909ba1,programming,uiux-figma,產品設計實戰：用Figma打造絕佳UI/UX,PUBLISHED,https://hahow.in/courses/5ee4d65789dc7e4854909ba1,4280,2400,4.97,506,AAPD,9811,9428,你想要學習 UI/UX 設計嗎？想知道如何打造絕佳產品體驗嗎？一起來學習使用 Figma 這個火紅全球的介面設計工具，跟上全球設計趨勢，成為軟硬實力兼具的產品設計師吧！,https://images.hahow.in/images/65d49e8c3bdf6f58fe5dc8a1,2020-09-21T04:00:20.690Z,2020-12-20T04:00:10.267Z,54043.0
67b2e14ddbe1f9e43b4e44ee,programming,aiworkflow,PM×AI 自動化：系統化設計高效工作流程,PUBLISHED,https://hahow.in/courses/67b2e14ddbe1f9e43b4e44ee,3850,3850,5.0,11,林佳熹,258,349,這是一堂教你「用專案管理思維重構工作流程」的實戰課。我們將從你最熟悉的 Google 工具與 ChatGPT 出發，以 No-code/Low-code 方式，一步步建立專屬的自動化系統。告別重複瑣事與手動提醒，讓 AI 自動處理任務、生成報表，並進一步讓 AI 成為你的流程管理師，自動化你的工作流程。,https://images.hahow.in/images/68b57cdbd839237092dbaced,2025-09-04T04:00:24.919Z,2025-12-02T04:00:06.403Z,16728.0
60a37d9758ebab68b1891e03,programming,chatgpt-data,資料變決策！Excel x AI 升級職場數據分析力,PUBLISHED,https://hahow.in/courses/60a37d9758ebab68b1891e03,4100,4100,4.85,55,彭其捷,874,1181,透過 AI + Excel，掌握資料分析與視覺化，從入門到進階漸進式學習，包括 Excel 函數、VBA 生成等 10 大商業案例實作，強化數據決策力。幫助你在職場脫穎而出，提升競爭力！,https://images.hahow.in/images/67abfc2b2ef47631ff71745f,2025-02-19T04:00:07.263Z,2025-05-20T04:00:18.161Z,28765.0
6620be2333cc0d9a8c0cf998,programming,llm-coding,全方位 LLM 實戰攻略：Code 出你的 AI 智能助理,PUBLISHED,https://hahow.in/courses/6620be2333cc0d9a8c0cf998,4500,4500,4.89,18,AI . FREE Team,822,842,生成式AI成為業界關注的核心技術，相關應用如智能客服助理、知識庫管理的開發需求快速增長，本課程將為您帶來最具系統與實務考量的內容。,https://images.hahow.in/images/6729f8a54d0a7762b0d4f3b8,2024-11-27T04:00:15.986Z,2025-02-25T03:55:12.736Z,90745.0
5e2a980ee3832b00247239d0,programming,itstina-excel2,職場必備的 Excel 關鍵技法－進階,PUBLISHED,https://hahow.in/courses/5e2a980ee3832b00247239d0,1390,990,4.97,508,Tina Wu,4730,5571,想使用更聰明的方法處理資料嗎？這門課將介紹你幾個經典進階函數及實用功能，使同學在資料重整、加工、查找、多工計算及分析資料時更有效率！,https://images.hahow.in/images/5e8ab26cbf8c730022226ed0,2020-05-21T04:00:20.373Z,2020-08-12T04:06:02.000Z,15922.0
56189df9df7b3d0b005c6639,programming,monoame-webdesign1,動畫互動網頁程式入門 (HTML/CSS/JS),PUBLISHED,https://hahow.in/courses/56189df9df7b3d0b005c6639,2000,1000,4.96,565,吳哲宇,13003,11986,互動網頁程式設計課程，教你用 illustrator 的思維來學習網頁前端程式設計，從網站的結構開始設計，掌握 JS、HTML、CSS 等程式語法，帶你製作出實用且美觀的互動式網頁。,https://images.hahow.in/images/5b8726df297df5001efb75c0,2016-06-03T04:50:49.000Z,2016-09-01T15:03:04.000Z,104726.0
5d5f8331e90dec002105b0c1,programming,94aidl01,【AI 深度學習】新手入門應用篇,PUBLISHED,https://hahow.in/courses/5d5f8331e90dec002105b0c1,2500,1600,4.65,34,Abel Wang,657,1539,AI 深度學習課程，教你人工智慧的實作與應用。課程包含三大實用主題：學習資料預測、圖片與人臉辨識＆分類、文本分類，帶你實作 AI 應用，理解深度學習，培養數據導向思維。,https://images.hahow.in/images/5e38c42d833af10023b35922,2020-02-05T04:00:18.167Z,2020-05-05T04:01:16.826Z,39276.0
5fd24f017687e53b086c7fe7,programming,sqlfifty,SQL的五十道練習：初學者友善的資料庫入門,PUBLISHED,https://hahow.in/courses/5fd24f017687e53b086c7fe7,3980,1860,4.97,474,郭耀仁,3116,3949,如果日常需要使用資料庫作為分析的數據來源，學會SQL將能大幅提升工作掌握度與職涯發展性，一起完成五十道練習把它學起來！,https://images.hahow.in/images/60483437d7488a598ca884a1,2021-03-09T04:00:15.341Z,2021-06-07T03:59:38.153Z,34415.0
5b41f279bc0cfe001ecd4736,programming,lucasexcel,Excel 達人：學會所有商務應用的需求！,PUBLISHED,https://hahow.in/courses/5b41f279bc0cfe001ecd4736,2650,1750,4.94,195,劉冠廷,1782,4031,Excel 商務應用課程，教你掌握各式函數和 Excel 操作技巧，學習樞紐分析表和商業圖表的應用，你也能使用複雜的報表比對分析功能，大幅降低工作時間並提升工作效率。,https://images.hahow.in/images/6697581a36243ad2dc520577,2018-08-23T04:00:20.158Z,2018-11-21T04:02:42.149Z,38557.0
64215ebce53a0818291b534b,programming,chatgpt101,AI 時代人人必學：用 ChatGPT 全面升級你的工作流程,PUBLISHED,https://hahow.in/courses/64215ebce53a0818291b534b,3280,1980,4.87,160,顧家祈 & 侯宗佑,2357,4033,人工智慧的時代來了！ AI 可以幫你寫信、翻譯，還能幫你更快的完成研究報告跟達成工作目標。本課程由淺入深教你三種 AI 使用技巧，有超過 30 個實際案例情境跟五大作業模塊，透過大量範例跟練習，讓你真正享受到 AI 帶來的方便性。,https://images.hahow.in/images/6433c7468ecbff5e23af6d00,2023-04-20T04:00:13.952Z,2023-07-19T05:55:42.172Z,19507.0
5a2170d5a6d4a5001ec3148d,programming,python-finance,用 Python 理財：打造小資族選股策略,PUBLISHED,https://hahow.in/courses/5a2170d5a6d4a5001ec3148d,3200,1999,4.95,771,FinLab,13073,10184,Python 理財課程，教你如何利用 Python 程式選股。學習 Python 選股技巧，利用量化投資穩定獲利，並透過程式減少看盤時間。製作專屬的選股機器人，只需每天按一個鍵，股票操作清單便能輕鬆入手！,https://images.hahow.in/images/5b04d8952a1203001e89084d,2018-02-22T04:03:57.607Z,2018-05-23T04:01:22.415Z,30509.0
